sheet,chain,co_owned,state,empft,emppt,wage_st,empft2,emppt2,wage_st2,fte,fte2,dfte,gap,dw,sample
56.0,4.0,1.0,0.0,20.0,20.0,5.0,0.0,36.0,5.25,30.0,18.0,-12.0,0.0,0.25,1.0
61.0,4.0,1.0,0.0,6.0,26.0,5.5,28.0,3.0,4.75,19.0,29.5,10.5,0.0,-0.75,1.0
445.0,1.0,0.0,0.0,50.0,35.0,5.0,15.0,18.0,4.75,67.5,24.0,-43.5,0.0,-0.25,1.0
451.0,1.0,0.0,0.0,10.0,17.0,5.0,26.0,9.0,5.0,18.5,30.5,12.0,0.0,0.0,1.0
455.0,2.0,1.0,0.0,2.0,8.0,5.25,3.0,12.0,5.0,6.0,9.0,3.0,0.0,-0.25,1.0
458.0,2.0,1.0,0.0,2.0,10.0,5.0,2.0,9.0,5.0,7.0,6.5,-0.5,0.0,0.0,1.0
462.0,3.0,1.0,0.0,2.5,20.0,5.0,1.0,25.0,4.75,12.5,13.5,1.0,0.0,-0.25,1.0
468.0,1.0,0.0,0.0,40.0,30.0,5.0,9.0,32.0,5.0,55.0,25.0,-30.0,0.0,0.0,1.0
469.0,1.0,0.0,0.0,8.0,27.0,5.0,7.0,39.0,4.5,21.5,26.5,5.0,0.0,-0.5,1.0
470.0,1.0,0.0,0.0,10.5,30.0,5.5,18.0,10.0,4.75,25.5,23.0,-2.5,0.0,-0.75,1.0
474.0,1.0,0.0,0.0,6.0,9.0,5.0,5.0,20.0,4.5,10.5,15.0,4.5,0.0,-0.5,1.0
481.0,2.0,1.0,0.0,5.0,17.5,5.25,15.0,4.0,5.0,13.75,17.0,3.25,0.0,-0.25,1.0
483.0,2.0,1.0,0.0,1.0,15.0,5.0,4.0,13.0,4.75,8.5,10.5,2.0,0.0,-0.25,1.0
487.0,3.0,1.0,0.0,10.0,6.0,5.0,6.0,20.0,4.75,13.0,16.0,3.0,0.0,-0.25,1.0
488.0,3.0,0.0,0.0,20.0,13.0,5.0,5.0,15.0,4.75,26.5,12.5,-14.0,0.0,-0.25,1.0
489.0,3.0,0.0,0.0,5.0,23.0,5.0,2.0,19.0,4.25,16.5,11.5,-5.0,0.0,-0.75,1.0
490.0,3.0,1.0,0.0,10.0,12.5,5.0,2.0,18.0,5.0,16.25,11.0,-5.25,0.0,0.0,1.0
493.0,3.0,1.0,0.0,27.0,12.0,5.0,0.0,30.0,4.900000095367432,33.0,15.0,-18.0,0.0,-0.09999990463256836,1.0
495.0,3.0,0.0,0.0,4.0,28.0,5.0,8.0,20.0,5.0,18.0,18.0,0.0,0.0,0.0,1.0
496.0,3.0,1.0,0.0,10.0,15.0,5.0,10.0,10.0,4.75,17.5,15.0,-2.5,0.0,-0.25,1.0
499.0,4.0,1.0,0.0,0.0,28.0,5.0,0.0,31.0,5.0,14.0,15.5,1.5,0.0,0.0,1.0
509.0,3.0,1.0,0.0,3.0,16.0,5.0,5.5,10.0,4.25,11.0,10.5,-0.5,0.0,-0.75,1.0
515.0,3.0,1.0,0.0,7.0,16.0,5.0,5.0,19.0,4.75,15.0,14.5,-0.5,0.0,-0.25,1.0
37.0,1.0,0.0,0.0,21.0,9.0,4.25,6.0,25.0,4.25,25.5,18.5,-7.0,0.0,0.0,1.0
40.0,1.0,0.0,0.0,10.0,20.0,4.25,7.0,25.0,4.25,20.0,19.5,-0.5,0.0,0.0,1.0
41.0,1.0,0.0,0.0,0.0,27.0,4.25,0.0,42.0,4.25,13.5,21.0,7.5,0.0,0.0,1.0
42.0,1.0,0.0,0.0,17.0,4.0,4.5,0.0,22.0,4.25,19.0,11.0,-8.0,0.0,-0.25,1.0
45.0,1.0,0.0,0.0,0.0,24.0,4.25,11.0,12.0,4.25,12.0,17.0,5.0,0.0,0.0,1.0
48.0,1.0,0.0,0.0,6.0,20.0,4.25,7.5,25.0,4.380000114440918,16.0,20.0,4.0,0.0,0.13000011444091797,1.0
50.0,2.0,0.0,0.0,6.0,10.0,4.5,4.0,20.0,4.75,11.0,14.0,3.0,0.0,0.25,1.0
51.0,2.0,0.0,0.0,0.0,15.0,4.25,6.0,15.0,4.25,7.5,13.5,6.0,0.0,0.0,1.0
57.0,4.0,1.0,0.0,30.0,10.0,4.670000076293945,7.0,18.0,4.5,35.0,16.0,-19.0,0.0,-0.1700000762939453,1.0
58.0,4.0,1.0,0.0,8.0,25.0,4.75,0.0,28.0,4.5,20.5,14.0,-6.5,0.0,-0.25,1.0
59.0,4.0,0.0,0.0,0.0,15.0,4.25,0.0,16.0,4.25,7.5,8.0,0.5,0.0,0.0,1.0
60.0,4.0,0.0,0.0,10.0,20.0,4.25,10.0,20.0,4.25,20.0,20.0,0.0,0.0,0.0,1.0
407.0,2.0,1.0,0.0,2.0,12.0,4.75,1.0,14.0,4.25,8.0,8.0,0.0,0.0,-0.5,1.0
430.0,1.0,0.0,0.0,20.0,25.0,4.25,0.0,48.0,4.25,32.5,24.0,-8.5,0.0,0.0,1.0
432.0,1.0,0.0,0.0,20.0,55.0,4.5,25.0,10.0,5.050000190734863,47.5,30.0,-17.5,0.0,0.5500001907348633,1.0
434.0,1.0,0.0,0.0,15.0,50.0,4.25,19.0,29.0,4.25,40.0,33.5,-6.5,0.0,0.0,1.0
435.0,1.0,0.0,0.0,1.0,37.5,4.25,0.0,32.0,4.25,19.75,16.0,-3.75,0.0,0.0,1.0
438.0,2.0,0.0,0.0,0.0,9.0,4.25,2.0,9.0,4.25,4.5,6.5,2.0,0.0,0.0,1.0
441.0,4.0,0.0,0.0,30.0,10.0,4.25,0.0,30.0,4.25,35.0,15.0,-20.0,0.0,0.0,1.0
443.0,4.0,0.0,0.0,4.0,19.0,4.25,5.0,20.0,4.349999904632568,13.5,15.0,1.5,0.0,0.09999990463256836,1.0
444.0,4.0,0.0,0.0,12.0,20.0,4.25,10.0,35.0,4.5,22.0,27.5,5.5,0.0,0.25,1.0
448.0,1.0,0.0,0.0,8.0,18.0,4.75,8.0,27.0,4.5,17.0,21.5,4.5,0.0,-0.25,1.0
449.0,1.0,0.0,0.0,0.0,25.0,4.869999885559082,15.0,15.0,5.0,12.5,22.5,10.0,0.0,0.13000011444091797,1.0
450.0,1.0,0.0,0.0,2.0,21.0,4.75,27.5,8.0,4.75,12.5,31.5,19.0,0.0,0.0,1.0
454.0,2.0,1.0,0.0,1.0,9.0,4.5,0.0,18.0,5.0,5.5,9.0,3.5,0.0,0.5,1.0
459.0,3.0,1.0,0.0,5.0,20.0,4.25,0.0,20.0,4.349999904632568,15.0,10.0,-5.0,0.0,0.09999990463256836,1.0
471.0,1.0,0.0,0.0,25.0,20.0,4.25,12.0,23.0,4.25,35.0,23.5,-11.5,0.0,0.0,1.0
472.0,1.0,0.0,0.0,37.5,2.0,4.25,8.0,25.0,4.900000095367432,38.5,20.5,-18.0,0.0,0.6500000953674316,1.0
473.0,1.0,0.0,0.0,5.0,27.0,4.75,26.0,15.0,4.5,18.5,33.5,15.0,0.0,-0.25,1.0
475.0,1.0,0.0,0.0,25.0,8.0,4.5,10.0,16.0,4.5,29.0,18.0,-11.0,0.0,0.0,1.0
476.0,1.0,0.0,0.0,6.0,30.0,4.25,5.0,30.0,4.75,21.0,20.0,-1.0,0.0,0.5,1.0
477.0,1.0,0.0,0.0,8.0,28.0,4.25,6.0,20.0,6.25,22.0,16.0,-6.0,0.0,2.0,1.0
478.0,1.0,0.0,0.0,32.0,25.0,4.5,8.0,30.0,4.349999904632568,44.5,23.0,-21.5,0.0,-0.15000009536743164,1.0
485.0,2.0,1.0,0.0,1.0,9.0,4.5,4.0,12.0,4.5,5.5,10.0,4.5,0.0,0.0,1.0
492.0,3.0,1.0,0.0,2.0,16.0,4.5,4.0,15.0,4.5,10.0,11.5,1.5,0.0,0.0,1.0
498.0,4.0,1.0,0.0,20.0,10.0,4.75,21.0,5.5,5.0,25.0,23.75,-1.25,0.0,0.25,1.0
501.0,1.0,0.0,0.0,14.0,15.0,4.25,30.0,15.0,4.75,21.5,37.5,16.0,0.0,0.5,1.0
503.0,1.0,0.0,0.0,7.5,14.0,4.75,35.0,6.5,4.5,14.5,38.25,23.75,0.0,-0.25,1.0
511.0,3.0,1.0,0.0,4.0,16.0,4.75,3.0,13.0,4.75,12.0,9.5,-2.5,0.0,0.0,1.0
514.0,3.0,0.0,0.0,5.0,20.0,4.5,23.0,16.0,4.25,15.0,31.0,16.0,0.0,-0.25,1.0
516.0,3.0,1.0,0.0,6.0,22.5,4.75,2.0,12.0,4.909999847412109,17.25,8.0,-9.25,0.0,0.15999984741210938,1.0
521.0,1.0,0.0,0.0,2.5,20.0,4.25,0.0,12.0,4.400000095367432,12.5,6.0,-6.5,0.0,0.15000009536743164,1.0
522.0,1.0,0.0,0.0,2.0,30.0,4.349999904632568,3.0,23.0,4.25,17.0,14.5,-2.5,0.0,-0.09999990463256836,1.0
6.0,3.0,1.0,1.0,2.0,2.0,5.0,5.0,2.0,5.050000190734863,3.0,6.0,3.0,0.009999999776482582,0.05000019073486328,1.0
14.0,2.0,0.0,1.0,10.0,8.0,5.119999885559082,4.0,17.0,5.050000190734863,14.0,12.5,-1.5,0.0,-0.06999969482421875,1.0
26.0,1.0,0.0,1.0,30.0,15.0,5.559999942779541,10.0,20.0,5.050000190734863,37.5,20.0,-17.5,0.0,-0.5099997520446777,1.0
27.0,2.0,1.0,1.0,4.0,10.0,5.0,0.0,7.0,5.050000190734863,9.0,3.5,-5.5,0.009999999776482582,0.05000019073486328,1.0
30.0,2.0,0.0,1.0,6.0,4.0,5.0,4.0,3.0,5.050000190734863,8.0,5.5,-2.5,0.009999999776482582,0.05000019073486328,1.0
31.0,2.0,0.0,1.0,4.0,16.0,5.25,6.0,15.0,5.050000190734863,12.0,13.5,1.5,0.0,-0.19999980926513672,1.0
33.0,3.0,0.0,1.0,12.0,20.0,5.0,6.0,11.0,5.050000190734863,22.0,11.5,-10.5,0.009999999776482582,0.05000019073486328,1.0
36.0,4.0,0.0,1.0,8.0,12.0,5.5,10.0,35.0,5.050000190734863,14.0,27.5,13.5,0.0,-0.4499998092651367,1.0
77.0,3.0,0.0,1.0,6.0,50.0,5.0,4.0,60.0,5.050000190734863,31.0,34.0,3.0,0.009999999776482582,0.05000019073486328,1.0
78.0,3.0,1.0,1.0,13.0,10.0,5.0,10.0,12.0,5.050000190734863,18.0,16.0,-2.0,0.009999999776482582,0.05000019073486328,1.0
81.0,4.0,0.0,1.0,25.0,13.0,5.0,0.0,45.0,5.050000190734863,31.5,22.5,-9.0,0.009999999776482582,0.05000019073486328,1.0
82.0,4.0,0.0,1.0,8.0,14.5,5.0,25.0,8.0,5.050000190734863,15.25,29.0,13.75,0.009999999776482582,0.05000019073486328,1.0
85.0,1.0,0.0,1.0,7.0,20.0,5.5,0.0,35.0,5.050000190734863,17.0,17.5,0.5,0.0,-0.4499998092651367,1.0
89.0,1.0,1.0,1.0,10.0,6.0,5.0,6.0,25.0,5.5,13.0,18.5,5.5,0.009999999776482582,0.5,1.0
94.0,2.0,0.0,1.0,0.0,25.0,5.0,2.0,20.0,5.050000190734863,12.5,12.0,-0.5,0.009999999776482582,0.05000019073486328,1.0
112.0,4.0,0.0,1.0,4.0,26.0,5.0,5.0,25.0,5.050000190734863,17.0,17.5,0.5,0.009999999776482582,0.05000019073486328,1.0
128.0,2.0,1.0,1.0,6.5,7.5,5.0,3.0,16.0,5.050000190734863,10.25,11.0,0.75,0.009999999776482582,0.05000019073486328,1.0
129.0,3.0,0.0,1.0,20.0,20.0,5.25,7.0,18.0,5.050000190734863,30.0,16.0,-14.0,0.0,-0.19999980926513672,1.0
131.0,3.0,0.0,1.0,15.0,25.0,5.5,8.0,22.0,5.050000190734863,27.5,19.0,-8.5,0.0,-0.4499998092651367,1.0
144.0,4.0,0.0,1.0,10.0,30.0,5.050000190734863,4.0,37.0,5.050000190734863,25.0,22.5,-2.5,0.0,0.0,1.0
145.0,1.0,0.0,1.0,5.0,17.0,5.0,10.0,8.0,5.28000020980835,13.5,14.0,0.5,0.009999999776482582,0.2800002098083496,1.0
147.0,1.0,0.0,1.0,8.5,6.5,5.119999885559082,6.0,0.0,5.25,11.75,6.0,-5.75,0.0,0.13000011444091797,1.0
148.0,1.0,0.0,1.0,4.5,30.0,5.25,7.5,30.0,5.050000190734863,19.5,22.5,3.0,0.0,-0.19999980926513672,1.0
152.0,1.0,0.0,1.0,35.0,15.0,5.119999885559082,12.0,13.5,5.050000190734863,42.5,18.75,-23.75,0.0,-0.06999969482421875,1.0
157.0,2.0,0.0,1.0,10.0,5.0,5.0,12.0,8.0,5.5,12.5,16.0,3.5,0.009999999776482582,0.5,1.0
161.0,3.0,1.0,1.0,8.0,25.0,5.0,26.0,12.0,5.050000190734863,20.5,32.0,11.5,0.009999999776482582,0.05000019073486328,1.0
163.0,3.0,1.0,1.0,12.0,18.0,5.0,1.5,33.0,5.050000190734863,21.0,18.0,-3.0,0.009999999776482582,0.05000019073486328,1.0
164.0,3.0,1.0,1.0,4.0,30.0,5.0,5.0,15.0,5.050000190734863,19.0,12.5,-6.5,0.009999999776482582,0.05000019073486328,1.0
165.0,4.0,0.0,1.0,20.0,10.0,5.0,10.0,17.0,5.050000190734863,25.0,18.5,-6.5,0.009999999776482582,0.05000019073486328,1.0
169.0,1.0,1.0,1.0,12.0,33.0,5.0,20.0,6.0,5.050000190734863,28.5,23.0,-5.5,0.009999999776482582,0.05000019073486328,1.0
170.0,1.0,1.0,1.0,10.0,20.0,5.0,20.0,20.0,5.050000190734863,20.0,30.0,10.0,0.009999999776482582,0.05000019073486328,1.0
187.0,3.0,0.0,1.0,4.0,20.0,5.619999885559082,5.0,17.5,5.050000190734863,14.0,13.75,-0.25,0.0,-0.56999969482421875,1.0
190.0,3.0,1.0,1.0,5.0,42.0,5.0,7.0,30.0,5.050000190734863,26.0,22.0,-4.0,0.009999999776482582,0.05000019073486328,1.0
196.0,4.0,1.0,1.0,8.0,19.0,5.0,0.0,30.0,5.050000190734863,17.5,15.0,-2.5,0.009999999776482582,0.05000019073486328,1.0
197.0,1.0,0.0,1.0,23.0,10.0,5.0,5.0,21.0,5.050000190734863,28.0,15.5,-12.5,0.009999999776482582,0.05000019073486328,1.0
234.0,1.0,0.0,1.0,0.0,10.0,5.0,10.0,4.0,5.050000190734863,5.0,12.0,7.0,0.009999999776482582,0.05000019073486328,1.0
240.0,3.0,1.0,1.0,15.0,35.0,5.099999904632568,15.0,15.0,5.050000190734863,32.5,22.5,-10.0,0.0,-0.04999971389770508,1.0
242.0,3.0,1.0,1.0,25.0,10.0,5.25,12.0,10.0,5.050000190734863,30.0,17.0,-13.0,0.0,-0.19999980926513672,1.0
245.0,3.0,0.0,1.0,15.0,8.0,5.5,8.0,12.0,5.050000190734863,19.0,14.0,-5.0,0.0,-0.4499998092651367,1.0
259.0,1.0,0.0,1.0,13.0,12.0,5.0,15.0,15.0,5.050000190734863,19.0,22.5,3.5,0.009999999776482582,0.05000019073486328,1.0
268.0,1.0,1.0,1.0,10.0,18.0,5.0,0.0,42.5,5.050000190734863,19.0,21.25,2.25,0.009999999776482582,0.05000019073486328,1.0
271.0,2.0,1.0,1.0,0.0,13.0,5.0,0.0,15.0,5.050000190734863,6.5,7.5,1.0,0.009999999776482582,0.05000019073486328,1.0
272.0,2.0,1.0,1.0,4.0,11.0,5.050000190734863,2.0,14.0,5.25,9.5,9.0,-0.5,0.0,0.19999980926513672,1.0
274.0,2.0,1.0,1.0,0.0,15.0,5.5,3.0,7.0,5.050000190734863,7.5,6.5,-1.0,0.0,-0.4499998092651367,1.0
276.0,2.0,1.0,1.0,5.0,10.0,5.0,5.0,15.0,5.050000190734863,10.0,12.5,2.5,0.009999999776482582,0.05000019073486328,1.0
296.0,1.0,1.0,1.0,5.0,16.0,5.300000190734863,4.0,9.0,5.050000190734863,13.0,8.5,-4.5,0.0,-0.25,1.0
299.0,2.0,1.0,1.0,3.0,8.0,5.0,6.0,12.0,5.050000190734863,7.0,12.0,5.0,0.009999999776482582,0.05000019073486328,1.0
301.0,2.0,1.0,1.0,8.0,12.0,5.0,2.0,7.0,5.050000190734863,14.0,5.5,-8.5,0.009999999776482582,0.05000019073486328,1.0
320.0,2.0,0.0,1.0,5.0,9.0,5.0,4.0,6.0,5.050000190734863,9.5,7.0,-2.5,0.009999999776482582,0.05000019073486328,1.0
321.0,2.0,0.0,1.0,3.0,14.0,5.0,4.0,11.0,5.050000190734863,10.0,9.5,-0.5,0.009999999776482582,0.05000019073486328,1.0
324.0,3.0,0.0,1.0,20.0,46.0,5.25,22.0,39.0,5.050000190734863,43.0,41.5,-1.5,0.0,-0.19999980926513672,1.0
326.0,3.0,1.0,1.0,18.0,45.0,5.150000095367432,0.0,45.0,5.050000190734863,40.5,22.5,-18.0,0.0,-0.09999990463256836,1.0
330.0,4.0,0.0,1.0,4.0,16.0,5.420000076293945,3.0,20.0,5.670000076293945,12.0,13.0,1.0,0.0,0.25,1.0
334.0,1.0,0.0,1.0,10.0,10.0,5.0,0.0,20.0,5.050000190734863,15.0,10.0,-5.0,0.009999999776482582,0.05000019073486328,1.0
349.0,3.0,1.0,1.0,2.5,27.0,5.0,0.0,20.0,5.050000190734863,16.0,10.0,-6.0,0.009999999776482582,0.05000019073486328,1.0
354.0,4.0,0.0,1.0,14.0,7.0,5.059999942779541,9.0,7.0,5.050000190734863,17.5,12.5,-5.0,0.0,-0.009999752044677734,1.0
356.0,4.0,0.0,1.0,11.5,10.0,5.050000190734863,0.0,28.0,5.050000190734863,16.5,14.0,-2.5,0.0,0.0,1.0
357.0,4.0,0.0,1.0,4.5,20.0,5.0,21.0,6.0,5.25,14.5,24.0,9.5,0.009999999776482582,0.25,1.0
371.0,1.0,0.0,1.0,12.0,23.0,5.0,11.0,22.0,5.25,23.5,22.0,-1.5,0.009999999776482582,0.25,1.0
373.0,1.0,1.0,1.0,14.0,12.0,5.0,18.0,15.0,5.050000190734863,20.0,25.5,5.5,0.009999999776482582,0.05000019073486328,1.0
375.0,1.0,0.0,1.0,25.0,10.0,5.25,0.0,25.0,5.5,30.0,12.5,-17.5,0.0,0.25,1.0
378.0,1.0,1.0,1.0,10.0,8.0,5.0,20.0,15.0,5.050000190734863,14.0,27.5,13.5,0.009999999776482582,0.05000019073486328,1.0
381.0,1.0,0.0,1.0,10.0,20.0,5.0,15.0,15.0,5.050000190734863,20.0,22.5,2.5,0.009999999776482582,0.05000019073486328,1.0
406.0,4.0,1.0,1.0,12.0,35.0,5.0,17.0,22.0,5.5,29.5,28.0,-1.5,0.009999999776482582,0.5,1.0
407.0,4.0,1.0,1.0,5.0,10.0,5.75,8.0,7.0,5.5,10.0,11.5,1.5,0.0,-0.25,1.0
409.0,1.0,0.0,1.0,3.0,60.0,5.0,0.0,15.0,5.050000190734863,33.0,7.5,-25.5,0.009999999776482582,0.05000019073486328,1.0
1.0,1.0,0.0,1.0,16.0,30.0,4.5,20.0,40.0,5.050000190734863,31.0,40.0,9.0,0.12222222238779068,0.5500001907348633,1.0
2.0,1.0,0.0,1.0,10.0,6.0,4.75,7.5,10.0,5.25,13.0,12.5,-0.5,0.06315789371728897,0.5,1.0
3.0,2.0,0.0,1.0,6.0,13.0,4.25,4.0,7.0,5.050000190734863,12.5,7.5,-5.0,0.1882352977991104,0.8000001907348633,1.0
4.0,3.0,0.0,1.0,10.0,12.0,4.75,5.0,30.0,5.050000190734863,16.0,20.0,4.0,0.06315789371728897,0.3000001907348633,1.0
5.0,3.0,0.0,1.0,5.0,30.0,4.5,10.0,30.0,5.150000095367432,20.0,25.0,5.0,0.12222222238779068,0.6500000953674316,1.0
9.0,1.0,0.0,1.0,12.0,40.0,4.369999885559082,0.0,32.0,5.050000190734863,32.0,16.0,-16.0,0.1556064337491989,0.68000030517578125,1.0
10.0,1.0,0.0,1.0,15.0,20.0,4.25,15.0,15.0,5.050000190734863,25.0,22.5,-2.5,0.1882352977991104,0.8000001907348633,1.0
11.0,1.0,0.0,1.0,10.0,30.0,4.25,12.0,24.0,5.050000190734863,25.0,24.0,-1.0,0.1882352977991104,0.8000001907348633,1.0
12.0,1.0,0.0,1.0,6.5,23.5,4.369999885559082,15.0,15.0,5.050000190734863,18.25,22.5,4.25,0.1556064337491989,0.68000030517578125,1.0
13.0,2.0,0.0,1.0,0.0,25.0,4.5,2.0,11.0,5.0,12.5,7.5,-5.0,0.12222222238779068,0.5,1.0
15.0,3.0,0.0,1.0,3.0,25.0,4.599999904632568,5.0,20.0,5.050000190734863,15.5,15.0,-0.5,0.09782610833644867,0.4500002861022949,1.0
16.0,3.0,0.0,1.0,6.0,22.0,4.5,7.0,17.0,5.050000190734863,17.0,15.5,-1.5,0.12222222238779068,0.5500001907348633,1.0
17.0,3.0,0.0,1.0,0.0,20.0,4.369999885559082,4.0,35.0,5.050000190734863,10.0,21.5,11.5,0.1556064337491989,0.68000030517578125,1.0
18.0,3.0,0.0,1.0,15.0,25.0,4.25,8.0,38.0,5.050000190734863,27.5,27.0,-0.5,0.1882352977991104,0.8000001907348633,1.0
19.0,1.0,0.0,1.0,4.0,31.0,4.25,6.0,44.0,5.050000190734863,19.5,28.0,8.5,0.1882352977991104,0.8000001907348633,1.0
21.0,2.0,0.0,1.0,5.0,12.0,4.449999809265137,0.0,11.0,5.050000190734863,11.0,5.5,-5.5,0.134831503033638,0.6000003814697266,1.0
22.0,3.0,0.0,1.0,3.0,15.0,4.349999904632568,3.0,15.0,5.050000190734863,10.5,10.5,0.0,0.16091956198215485,0.7000002861022949,1.0
23.0,1.0,0.0,1.0,0.0,25.0,4.5,14.0,14.0,5.050000190734863,12.5,21.0,8.5,0.12222222238779068,0.5500001907348633,1.0
24.0,1.0,0.0,1.0,15.0,15.0,4.75,15.0,20.0,5.050000190734863,22.5,25.0,2.5,0.06315789371728897,0.3000001907348633,1.0
29.0,2.0,0.0,1.0,0.0,7.0,4.5,0.0,13.0,5.050000190734863,3.5,6.5,3.0,0.12222222238779068,0.5500001907348633,1.0
32.0,3.0,0.0,1.0,10.0,20.5,4.5,2.0,25.0,5.050000190734863,20.25,14.5,-5.75,0.12222222238779068,0.5500001907348633,1.0
34.0,3.0,1.0,1.0,5.0,15.0,4.949999809265137,11.0,7.0,5.050000190734863,12.5,14.5,2.0,0.02020205929875374,0.10000038146972656,1.0
35.0,4.0,0.0,1.0,25.0,6.5,4.5,13.0,18.0,5.050000190734863,28.25,22.0,-6.25,0.12222222238779068,0.5500001907348633,1.0
38.0,1.0,0.0,1.0,15.0,20.0,4.25,10.0,20.0,5.050000190734863,25.0,20.0,-5.0,0.1882352977991104,0.8000001907348633,1.0
64.0,1.0,0.0,1.0,20.0,15.0,4.5,13.0,13.0,5.050000190734863,27.5,19.5,-8.0,0.12222222238779068,0.5500001907348633,1.0
66.0,1.0,0.0,1.0,15.0,18.0,4.25,26.0,10.0,5.050000190734863,24.0,31.0,7.0,0.1882352977991104,0.8000001907348633,1.0
67.0,1.0,0.0,1.0,5.0,15.0,4.5,4.0,17.5,5.050000190734863,12.5,12.75,0.25,0.12222222238779068,0.5500001907348633,1.0
68.0,1.0,0.0,1.0,30.0,10.0,4.25,13.0,17.0,5.050000190734863,35.0,21.5,-13.5,0.1882352977991104,0.8000001907348633,1.0
69.0,1.0,0.0,1.0,0.0,27.0,4.25,0.0,27.0,5.050000190734863,13.5,13.5,0.0,0.1882352977991104,0.8000001907348633,1.0
70.0,1.0,0.0,1.0,35.0,20.0,4.5,10.0,30.0,5.050000190734863,45.0,25.0,-20.0,0.12222222238779068,0.5500001907348633,1.0
71.0,1.0,0.0,1.0,0.0,35.0,4.75,29.0,14.0,5.050000190734863,17.5,36.0,18.5,0.06315789371728897,0.3000001907348633,1.0
73.0,2.0,0.0,1.0,0.0,7.0,4.25,14.0,0.0,5.050000190734863,3.5,14.0,10.5,0.1882352977991104,0.8000001907348633,1.0
75.0,2.0,0.0,1.0,3.0,15.0,4.25,4.0,11.0,5.050000190734863,10.5,9.5,-1.0,0.1882352977991104,0.8000001907348633,1.0
76.0,3.0,1.0,1.0,8.0,32.0,4.25,25.0,15.0,5.050000190734863,24.0,32.5,8.5,0.1882352977991104,0.8000001907348633,1.0
79.0,3.0,1.0,1.0,6.0,25.0,4.5,8.0,18.0,5.050000190734863,18.5,17.0,-1.5,0.12222222238779068,0.5500001907348633,1.0
84.0,1.0,0.0,1.0,4.0,30.0,4.5,12.0,30.0,5.050000190734863,19.0,27.0,8.0,0.12222222238779068,0.5500001907348633,1.0
86.0,1.0,0.0,1.0,11.0,11.0,4.25,9.0,12.0,5.050000190734863,16.5,15.0,-1.5,0.1882352977991104,0.8000001907348633,1.0
88.0,1.0,0.0,1.0,3.0,35.0,4.25,4.0,37.0,5.050000190734863,20.5,22.5,2.0,0.1882352977991104,0.8000001907348633,1.0
91.0,1.0,1.0,1.0,8.0,22.0,4.25,0.0,30.0,5.050000190734863,19.0,15.0,-4.0,0.1882352977991104,0.8000001907348633,1.0
92.0,1.0,1.0,1.0,4.0,18.0,4.25,14.0,6.0,5.050000190734863,13.0,17.0,4.0,0.1882352977991104,0.8000001907348633,1.0
93.0,1.0,1.0,1.0,2.5,30.0,4.25,5.0,25.0,5.050000190734863,17.5,17.5,0.0,0.1882352977991104,0.8000001907348633,1.0
95.0,2.0,0.0,1.0,18.0,3.0,4.25,0.0,14.0,5.050000190734863,19.5,7.0,-12.5,0.1882352977991104,0.8000001907348633,1.0
96.0,2.0,0.0,1.0,0.0,15.0,4.25,0.0,15.0,5.050000190734863,7.5,7.5,0.0,0.1882352977991104,0.8000001907348633,1.0
97.0,2.0,0.0,1.0,0.0,12.0,4.25,2.5,11.0,5.050000190734863,6.0,8.0,2.0,0.1882352977991104,0.8000001907348633,1.0
98.0,2.0,0.0,1.0,0.0,20.0,4.25,3.0,13.0,5.050000190734863,10.0,9.5,-0.5,0.1882352977991104,0.8000001907348633,1.0
99.0,3.0,1.0,1.0,60.0,40.0,4.75,30.0,50.0,5.050000190734863,80.0,55.0,-25.0,0.06315789371728897,0.3000001907348633,1.0
101.0,3.0,0.0,1.0,4.5,15.0,4.75,10.0,12.0,5.050000190734863,12.0,16.0,4.0,0.06315789371728897,0.3000001907348633,1.0
102.0,3.0,0.0,1.0,12.0,13.0,4.400000095367432,0.0,27.0,5.050000190734863,18.5,13.5,-5.0,0.14772725105285645,0.6500000953674316,1.0
104.0,4.0,0.0,1.0,40.0,20.0,4.619999885559082,11.0,10.0,5.050000190734863,50.0,16.0,-34.0,0.09307362139225006,0.43000030517578125,1.0
105.0,1.0,0.0,1.0,0.0,40.0,4.25,0.0,45.0,5.050000190734863,20.0,22.5,2.5,0.1882352977991104,0.8000001907348633,1.0
106.0,1.0,0.0,1.0,0.0,35.0,4.25,2.0,25.0,5.050000190734863,17.5,14.5,-3.0,0.1882352977991104,0.8000001907348633,1.0
107.0,1.0,1.0,1.0,6.0,11.0,4.25,13.5,10.0,5.050000190734863,11.5,18.5,7.0,0.1882352977991104,0.8000001907348633,1.0
108.0,1.0,0.0,1.0,13.5,15.0,4.25,11.0,24.0,5.050000190734863,21.0,23.0,2.0,0.1882352977991104,0.8000001907348633,1.0
111.0,3.0,0.0,1.0,17.0,14.0,4.25,20.0,14.5,5.050000190734863,24.0,27.25,3.25,0.1882352977991104,0.8000001907348633,1.0
114.0,1.0,0.0,1.0,0.0,35.0,4.75,20.0,40.0,5.25,17.5,40.0,22.5,0.06315789371728897,0.5,1.0
115.0,1.0,0.0,1.0,20.0,25.0,4.75,6.0,15.0,5.050000190734863,32.5,13.5,-19.0,0.06315789371728897,0.3000001907348633,1.0
116.0,1.0,0.0,1.0,4.0,22.5,4.25,22.0,12.0,5.050000190734863,15.25,28.0,12.75,0.1882352977991104,0.8000001907348633,1.0
118.0,1.0,0.0,1.0,10.0,15.0,4.25,18.0,20.0,5.050000190734863,17.5,28.0,10.5,0.1882352977991104,0.8000001907348633,1.0
119.0,1.0,0.0,1.0,12.0,19.0,4.75,18.0,13.0,5.050000190734863,21.5,24.5,3.0,0.06315789371728897,0.3000001907348633,1.0
120.0,1.0,1.0,1.0,0.0,32.0,4.5,0.0,30.0,5.050000190734863,16.0,15.0,-1.0,0.12222222238779068,0.5500001907348633,1.0
122.0,1.0,0.0,1.0,1.0,38.0,4.25,10.0,50.0,5.050000190734863,20.0,35.0,15.0,0.1882352977991104,0.8000001907348633,1.0
124.0,1.0,0.0,1.0,8.0,10.0,4.25,21.0,6.0,5.050000190734863,13.0,24.0,11.0,0.1882352977991104,0.8000001907348633,1.0
125.0,2.0,0.0,1.0,15.0,0.0,4.5,0.0,15.0,5.050000190734863,15.0,7.5,-7.5,0.12222222238779068,0.5500001907348633,1.0
130.0,3.0,1.0,1.0,7.0,25.5,4.5,2.0,38.0,5.050000190734863,19.75,21.0,1.25,0.12222222238779068,0.5500001907348633,1.0
132.0,3.0,1.0,1.0,20.0,20.0,4.5,15.0,20.0,5.5,30.0,25.0,-5.0,0.12222222238779068,1.0,1.0
133.0,3.0,1.0,1.0,6.0,16.0,4.75,3.0,20.0,5.050000190734863,14.0,13.0,-1.0,0.06315789371728897,0.3000001907348633,1.0
134.0,3.0,0.0,1.0,5.5,25.0,4.619999885559082,6.0,27.5,5.050000190734863,18.0,19.75,1.75,0.09307362139225006,0.43000030517578125,1.0
137.0,3.0,1.0,1.0,15.0,25.0,4.25,12.0,30.0,5.050000190734863,27.5,27.0,-0.5,0.1882352977991104,0.8000001907348633,1.0
140.0,4.0,0.0,1.0,0.0,40.0,4.5,5.0,35.0,5.670000076293945,20.0,22.5,2.5,0.12222222238779068,1.1700000762939453,1.0
141.0,4.0,0.0,1.0,10.0,15.0,4.75,10.0,25.0,5.050000190734863,17.5,22.5,5.0,0.06315789371728897,0.3000001907348633,1.0
142.0,4.0,0.0,1.0,15.0,35.0,4.25,40.0,31.0,5.050000190734863,32.5,55.5,23.0,0.1882352977991104,0.8000001907348633,1.0
146.0,1.0,0.0,1.0,8.0,20.0,4.800000190734863,0.0,32.0,5.050000190734863,18.0,16.0,-2.0,0.05208329111337662,0.25,1.0
149.0,1.0,0.0,1.0,0.0,20.0,4.5,8.0,10.0,5.050000190734863,10.0,13.0,3.0,0.12222222238779068,0.5500001907348633,1.0
150.0,1.0,0.0,1.0,0.0,27.5,4.670000076293945,12.0,20.0,5.75,13.75,22.0,8.25,0.08137043565511703,1.0799999237060547,1.0
156.0,1.0,0.0,1.0,8.0,15.0,4.869999885559082,2.0,18.0,5.050000190734863,15.5,11.0,-4.5,0.036961011588573456,0.18000030517578125,1.0
158.0,2.0,0.0,1.0,2.0,7.0,4.5,3.0,4.0,5.050000190734863,5.5,5.0,-0.5,0.12222222238779068,0.5500001907348633,1.0
159.0,2.0,0.0,1.0,6.0,12.0,4.5,10.0,5.0,5.25,12.0,12.5,0.5,0.12222222238779068,0.75,1.0
162.0,3.0,1.0,1.0,0.0,40.0,4.75,3.0,30.0,5.050000190734863,20.0,18.0,-2.0,0.06315789371728897,0.3000001907348633,1.0
166.0,4.0,0.0,1.0,8.0,32.0,4.75,0.0,35.0,5.050000190734863,24.0,17.5,-6.5,0.06315789371728897,0.3000001907348633,1.0
168.0,1.0,0.0,1.0,5.0,20.0,4.25,0.0,32.0,5.25,15.0,16.0,1.0,0.1882352977991104,1.0,1.0
171.0,1.0,1.0,1.0,2.0,32.0,4.25,10.0,12.5,5.050000190734863,18.0,16.25,-1.75,0.1882352977991104,0.8000001907348633,1.0
172.0,1.0,0.0,1.0,0.0,24.0,4.75,7.0,23.0,5.050000190734863,12.0,18.5,6.5,0.06315789371728897,0.3000001907348633,1.0
173.0,1.0,0.0,1.0,6.0,40.0,4.849999904632568,11.0,30.0,5.050000190734863,26.0,26.0,0.0,0.041237134486436844,0.20000028610229492,1.0
174.0,1.0,0.0,1.0,11.0,20.0,4.75,20.0,20.0,5.050000190734863,21.0,30.0,9.0,0.06315789371728897,0.3000001907348633,1.0
176.0,1.0,0.0,1.0,15.0,21.0,4.619999885559082,20.0,27.5,5.050000190734863,25.5,33.75,8.25,0.09307362139225006,0.43000030517578125,1.0
178.0,2.0,1.0,1.0,13.0,12.0,4.25,1.0,10.0,5.050000190734863,19.0,6.0,-13.0,0.1882352977991104,0.8000001907348633,1.0
179.0,2.0,0.0,1.0,2.0,12.0,4.25,2.0,10.0,5.050000190734863,8.0,7.0,-1.0,0.1882352977991104,0.8000001907348633,1.0
180.0,2.0,0.0,1.0,8.0,3.0,4.5,0.0,17.5,5.050000190734863,9.5,8.75,-0.75,0.12222222238779068,0.5500001907348633,1.0
182.0,2.0,0.0,1.0,3.0,15.0,4.5,0.0,15.0,5.050000190734863,10.5,7.5,-3.0,0.12222222238779068,0.5500001907348633,1.0
183.0,2.0,0.0,1.0,12.0,4.0,4.619999885559082,15.0,10.0,5.050000190734863,14.0,20.0,6.0,0.09307362139225006,0.43000030517578125,1.0
185.0,2.0,0.0,1.0,2.0,9.0,4.5,2.0,6.0,5.050000190734863,6.5,5.0,-1.5,0.12222222238779068,0.5500001907348633,1.0
186.0,3.0,0.0,1.0,10.0,20.0,4.75,12.0,18.0,5.050000190734863,20.0,21.0,1.0,0.06315789371728897,0.3000001907348633,1.0
189.0,3.0,0.0,1.0,4.0,15.0,4.75,0.0,19.0,5.050000190734863,11.5,9.5,-2.0,0.06315789371728897,0.3000001907348633,1.0
192.0,4.0,0.0,1.0,20.0,10.0,4.869999885559082,4.5,30.0,5.25,25.0,19.5,-5.5,0.036961011588573456,0.38000011444091797,1.0
193.0,4.0,0.0,1.0,1.0,13.0,4.5,4.0,9.0,5.050000190734863,7.5,8.5,1.0,0.12222222238779068,0.5500001907348633,1.0
195.0,4.0,0.0,1.0,0.0,30.0,4.25,8.0,25.0,5.050000190734863,15.0,20.5,5.5,0.1882352977991104,0.8000001907348633,1.0
199.0,2.0,0.0,1.0,0.0,12.0,4.349999904632568,11.0,3.0,5.050000190734863,6.0,12.5,6.5,0.16091956198215485,0.7000002861022949,1.0
200.0,1.0,0.0,1.0,0.0,60.0,4.25,5.0,40.0,5.050000190734863,30.0,25.0,-5.0,0.1882352977991104,0.8000001907348633,1.0
201.0,1.0,0.0,1.0,0.0,33.0,4.5,16.0,22.0,5.050000190734863,16.5,27.0,10.5,0.12222222238779068,0.5500001907348633,1.0
202.0,1.0,0.0,1.0,30.0,14.0,4.25,13.0,11.0,5.050000190734863,37.0,18.5,-18.5,0.1882352977991104,0.8000001907348633,1.0
203.0,1.0,0.0,1.0,9.0,12.0,4.25,4.0,34.0,5.050000190734863,15.0,21.0,6.0,0.1882352977991104,0.8000001907348633,1.0
204.0,1.0,0.0,1.0,10.0,8.5,4.25,12.0,13.5,5.050000190734863,14.25,18.75,4.5,0.1882352977991104,0.8000001907348633,1.0
207.0,2.0,1.0,1.0,8.0,10.0,4.75,8.5,6.0,5.199999809265137,13.0,11.5,-1.5,0.06315789371728897,0.4499998092651367,1.0
208.0,3.0,1.0,1.0,12.0,32.0,4.619999885559082,5.0,32.0,5.050000190734863,28.0,21.0,-7.0,0.09307362139225006,0.43000030517578125,1.0
209.0,3.0,1.0,1.0,4.0,36.0,4.25,6.0,37.0,5.050000190734863,22.0,24.5,2.5,0.1882352977991104,0.8000001907348633,1.0
210.0,4.0,1.0,1.0,0.0,19.0,4.5,0.0,14.0,5.050000190734863,9.5,7.0,-2.5,0.12222222238779068,0.5500001907348633,1.0
211.0,1.0,0.0,1.0,3.0,28.0,4.5,2.0,35.0,5.050000190734863,17.0,19.5,2.5,0.12222222238779068,0.5500001907348633,1.0
212.0,1.0,0.0,1.0,11.0,17.5,4.5,20.0,15.0,5.050000190734863,19.75,27.5,7.75,0.12222222238779068,0.5500001907348633,1.0
213.0,1.0,1.0,1.0,4.5,20.0,4.550000190734863,12.0,17.5,5.050000190734863,14.5,20.75,6.25,0.10989006608724594,0.5,1.0
214.0,1.0,0.0,1.0,2.0,30.0,4.619999885559082,0.0,35.0,5.050000190734863,17.0,17.5,0.5,0.09307362139225006,0.43000030517578125,1.0
215.0,1.0,0.0,1.0,10.0,10.0,4.5,20.0,10.0,5.050000190734863,15.0,25.0,10.0,0.12222222238779068,0.5500001907348633,1.0
216.0,2.0,0.0,1.0,2.0,11.0,4.25,2.0,18.0,5.050000190734863,7.5,11.0,3.5,0.1882352977991104,0.8000001907348633,1.0
217.0,2.0,1.0,1.0,2.0,13.0,4.25,0.0,12.0,5.050000190734863,8.5,6.0,-2.5,0.1882352977991104,0.8000001907348633,1.0
218.0,2.0,1.0,1.0,7.0,4.0,4.349999904632568,5.0,3.0,5.050000190734863,9.0,6.5,-2.5,0.16091956198215485,0.7000002861022949,1.0
219.0,2.0,1.0,1.0,3.0,9.0,4.25,9.0,9.0,5.050000190734863,7.5,13.5,6.0,0.1882352977991104,0.8000001907348633,1.0
220.0,2.0,0.0,1.0,3.0,15.0,4.25,3.0,12.0,5.050000190734863,10.5,9.0,-1.5,0.1882352977991104,0.8000001907348633,1.0
221.0,2.0,0.0,1.0,1.0,28.0,4.599999904632568,1.0,15.0,5.050000190734863,15.0,8.5,-6.5,0.09782610833644867,0.4500002861022949,1.0
222.0,3.0,1.0,1.0,2.0,24.0,4.25,2.0,15.0,5.050000190734863,14.0,9.5,-4.5,0.1882352977991104,0.8000001907348633,1.0
223.0,3.0,1.0,1.0,3.0,18.0,4.75,3.0,20.0,5.050000190734863,12.0,13.0,1.0,0.06315789371728897,0.3000001907348633,1.0
225.0,3.0,1.0,1.0,3.0,27.0,4.75,12.0,25.0,5.050000190734863,16.5,24.5,8.0,0.06315789371728897,0.3000001907348633,1.0
226.0,4.0,0.0,1.0,0.0,22.0,4.25,0.0,26.0,5.300000190734863,11.0,13.0,2.0,0.1882352977991104,1.0500001907348633,1.0
228.0,4.0,0.0,1.0,3.0,28.5,4.5,11.0,19.0,5.050000190734863,17.25,20.5,3.25,0.12222222238779068,0.5500001907348633,1.0
229.0,1.0,0.0,1.0,3.0,40.0,4.5,22.0,11.0,5.5,23.0,27.5,4.5,0.12222222238779068,1.0,1.0
230.0,1.0,0.0,1.0,0.0,25.0,4.25,15.0,17.0,5.050000190734863,12.5,23.5,11.0,0.1882352977991104,0.8000001907348633,1.0
232.0,1.0,0.0,1.0,18.0,6.0,4.75,18.0,10.0,5.050000190734863,21.0,23.0,2.0,0.06315789371728897,0.3000001907348633,1.0
233.0,1.0,0.0,1.0,19.0,7.0,4.650000095367432,15.0,7.0,5.050000190734863,22.5,18.5,-4.0,0.08602148294448853,0.40000009536743164,1.0
237.0,1.0,0.0,1.0,12.0,11.0,4.25,9.0,17.0,5.050000190734863,17.5,17.5,0.0,0.1882352977991104,0.8000001907348633,1.0
238.0,2.0,1.0,1.0,0.0,22.0,4.75,25.0,15.0,5.050000190734863,11.0,32.5,21.5,0.06315789371728897,0.3000001907348633,1.0
239.0,2.0,0.0,1.0,15.0,4.0,4.25,0.0,19.0,5.050000190734863,17.0,9.5,-7.5,0.1882352977991104,0.8000001907348633,1.0
243.0,3.0,1.0,1.0,7.0,25.0,4.5,7.0,22.0,5.050000190734863,19.5,18.0,-1.5,0.12222222238779068,0.5500001907348633,1.0
244.0,3.0,1.0,1.0,12.0,30.0,4.25,16.0,12.0,5.050000190734863,27.0,22.0,-5.0,0.1882352977991104,0.8000001907348633,1.0
247.0,4.0,0.0,1.0,0.0,40.0,4.5,0.0,40.0,5.050000190734863,20.0,20.0,0.0,0.12222222238779068,0.5500001907348633,1.0
248.0,4.0,0.0,1.0,8.0,16.0,4.75,10.0,14.0,5.050000190734863,16.0,17.0,1.0,0.06315789371728897,0.3000001907348633,1.0
249.0,1.0,0.0,1.0,6.0,6.0,4.369999885559082,10.0,12.0,5.050000190734863,9.0,16.0,7.0,0.1556064337491989,0.68000030517578125,1.0
250.0,2.0,1.0,1.0,1.0,4.0,4.5,2.0,4.0,5.050000190734863,3.0,4.0,1.0,0.12222222238779068,0.5500001907348633,1.0
253.0,3.0,1.0,1.0,7.0,7.0,4.869999885559082,4.0,8.0,5.050000190734863,10.5,8.0,-2.5,0.036961011588573456,0.18000030517578125,1.0
258.0,1.0,0.0,1.0,4.0,22.0,4.25,20.0,18.0,5.050000190734863,15.0,29.0,14.0,0.1882352977991104,0.8000001907348633,1.0
260.0,1.0,1.0,1.0,10.0,20.0,4.25,4.0,26.0,5.050000190734863,20.0,17.0,-3.0,0.1882352977991104,0.8000001907348633,1.0
262.0,1.0,0.0,1.0,7.0,13.0,4.25,0.0,22.5,5.050000190734863,13.5,11.25,-2.25,0.1882352977991104,0.8000001907348633,1.0
264.0,1.0,0.0,1.0,0.0,10.0,4.25,0.0,23.0,5.050000190734863,5.0,11.5,6.5,0.1882352977991104,0.8000001907348633,1.0
267.0,1.0,0.0,1.0,6.5,20.0,4.25,30.0,25.0,5.050000190734863,16.5,42.5,26.0,0.1882352977991104,0.8000001907348633,1.0
269.0,2.0,1.0,1.0,2.0,10.0,4.449999809265137,10.0,3.0,5.050000190734863,7.0,11.5,4.5,0.134831503033638,0.6000003814697266,1.0
273.0,2.0,1.0,1.0,2.0,14.0,4.619999885559082,2.0,11.0,5.050000190734863,9.0,7.5,-1.5,0.09307362139225006,0.43000030517578125,1.0
275.0,2.0,1.0,1.0,4.0,4.0,4.25,1.0,8.0,5.050000190734863,6.0,5.0,-1.0,0.1882352977991104,0.8000001907348633,1.0
277.0,2.0,1.0,1.0,2.0,15.0,4.25,1.0,14.0,5.050000190734863,9.5,8.0,-1.5,0.1882352977991104,0.8000001907348633,1.0
278.0,2.0,1.0,1.0,3.0,4.0,4.25,0.0,9.0,5.050000190734863,5.0,4.5,-0.5,0.1882352977991104,0.8000001907348633,1.0
284.0,3.0,1.0,1.0,5.0,23.0,4.5,6.0,12.0,5.050000190734863,16.5,12.0,-4.5,0.12222222238779068,0.5500001907348633,1.0
285.0,3.0,1.0,1.0,3.0,25.0,4.75,3.0,15.0,5.050000190734863,15.5,10.5,-5.0,0.06315789371728897,0.3000001907348633,1.0
286.0,3.0,1.0,1.0,1.0,15.0,4.75,2.0,15.0,5.050000190734863,8.5,9.5,1.0,0.06315789371728897,0.3000001907348633,1.0
287.0,3.0,1.0,1.0,3.0,18.0,4.5,2.0,15.0,5.050000190734863,12.0,9.5,-2.5,0.12222222238779068,0.5500001907348633,1.0
288.0,3.0,1.0,1.0,0.0,20.0,4.75,5.0,9.0,5.050000190734863,10.0,9.5,-0.5,0.06315789371728897,0.3000001907348633,1.0
289.0,3.0,1.0,1.0,2.0,12.0,4.25,3.0,10.0,5.050000190734863,8.0,8.0,0.0,0.1882352977991104,0.8000001907348633,1.0
290.0,4.0,0.0,1.0,8.0,12.0,4.75,0.0,23.0,5.050000190734863,14.0,11.5,-2.5,0.06315789371728897,0.3000001907348633,1.0
291.0,4.0,0.0,1.0,4.0,20.0,4.550000190734863,5.0,16.0,5.099999904632568,14.0,13.0,-1.0,0.10989006608724594,0.5499997138977051,1.0
292.0,4.0,0.0,1.0,10.0,15.0,4.800000190734863,15.0,11.0,5.050000190734863,17.5,20.5,3.0,0.05208329111337662,0.25,1.0
297.0,1.0,1.0,1.0,9.0,15.0,4.25,15.0,30.0,5.050000190734863,16.5,30.0,13.5,0.1882352977991104,0.8000001907348633,1.0
303.0,3.0,1.0,1.0,10.0,35.0,4.349999904632568,12.0,35.0,5.050000190734863,27.5,29.5,2.0,0.16091956198215485,0.7000002861022949,1.0
304.0,3.0,0.0,1.0,10.0,20.0,4.5,10.0,15.0,5.050000190734863,20.0,17.5,-2.5,0.12222222238779068,0.5500001907348633,1.0
305.0,3.0,1.0,1.0,0.0,20.0,4.389999866485596,5.0,22.0,5.050000190734863,10.0,16.0,6.0,0.1503417193889618,0.6600003242492676,1.0
307.0,3.0,1.0,1.0,17.5,17.5,4.25,25.0,25.0,5.199999809265137,26.25,37.5,11.25,0.1882352977991104,0.9499998092651367,1.0
310.0,4.0,0.0,1.0,0.0,28.0,4.25,3.0,23.0,5.050000190734863,14.0,14.5,0.5,0.1882352977991104,0.8000001907348633,1.0
312.0,1.0,0.0,1.0,4.0,6.0,4.25,3.0,2.0,5.050000190734863,7.0,4.0,-3.0,0.1882352977991104,0.8000001907348633,1.0
314.0,1.0,0.0,1.0,8.0,12.0,4.619999885559082,15.0,6.0,5.25,14.0,18.0,4.0,0.09307362139225006,0.630000114440918,1.0
316.0,1.0,1.0,1.0,15.0,15.0,4.619999885559082,12.0,14.0,5.050000190734863,22.5,19.0,-3.5,0.09307362139225006,0.43000030517578125,1.0
317.0,1.0,0.0,1.0,0.0,8.0,4.25,4.0,0.0,5.050000190734863,4.0,4.0,0.0,0.1882352977991104,0.8000001907348633,1.0
318.0,2.0,0.0,1.0,5.0,7.0,4.75,7.0,6.0,5.050000190734863,8.5,10.0,1.5,0.06315789371728897,0.3000001907348633,1.0
319.0,2.0,0.0,1.0,0.0,11.0,4.619999885559082,22.0,4.0,5.050000190734863,5.5,24.0,18.5,0.09307362139225006,0.43000030517578125,1.0
322.0,3.0,1.0,1.0,8.0,13.0,4.75,12.0,5.0,5.050000190734863,14.5,14.5,0.0,0.06315789371728897,0.3000001907348633,1.0
325.0,3.0,1.0,1.0,4.0,15.0,4.5,1.0,15.0,5.050000190734863,11.5,8.5,-3.0,0.12222222238779068,0.5500001907348633,1.0
333.0,1.0,0.0,1.0,2.0,16.5,4.25,3.0,20.0,5.050000190734863,10.25,13.0,2.75,0.1882352977991104,0.8000001907348633,1.0
336.0,1.0,0.0,1.0,28.0,12.0,4.5,10.0,20.0,5.050000190734863,34.0,20.0,-14.0,0.12222222238779068,0.5500001907348633,1.0
337.0,1.0,1.0,1.0,5.0,29.5,4.869999885559082,25.0,5.0,5.050000190734863,19.75,27.5,7.75,0.036961011588573456,0.18000030517578125,1.0
339.0,1.0,1.0,1.0,18.0,6.0,4.25,5.0,9.0,5.050000190734863,21.0,9.5,-11.5,0.1882352977991104,0.8000001907348633,1.0
340.0,1.0,0.0,1.0,6.0,30.0,4.25,15.0,17.0,5.050000190734863,21.0,23.5,2.5,0.1882352977991104,0.8000001907348633,1.0
341.0,2.0,1.0,1.0,2.0,7.0,4.619999885559082,3.0,7.0,5.050000190734863,5.5,6.5,1.0,0.09307362139225006,0.43000030517578125,1.0
343.0,2.0,1.0,1.0,10.0,6.0,4.75,4.0,11.0,5.050000190734863,13.0,9.5,-3.5,0.06315789371728897,0.3000001907348633,1.0
350.0,3.0,1.0,1.0,8.0,9.0,4.75,5.0,20.0,5.050000190734863,12.5,15.0,2.5,0.06315789371728897,0.3000001907348633,1.0
351.0,3.0,1.0,1.0,2.0,27.5,4.25,10.0,20.0,5.050000190734863,15.75,20.0,4.25,0.1882352977991104,0.8000001907348633,1.0
359.0,1.0,1.0,1.0,0.0,22.0,4.25,0.0,26.0,5.050000190734863,11.0,13.0,2.0,0.1882352977991104,0.8000001907348633,1.0
360.0,1.0,0.0,1.0,3.0,25.0,4.25,5.0,32.0,5.050000190734863,15.5,21.0,5.5,0.1882352977991104,0.8000001907348633,1.0
361.0,1.0,0.0,1.0,6.0,13.0,4.25,4.0,23.0,5.050000190734863,12.5,15.5,3.0,0.1882352977991104,0.8000001907348633,1.0
363.0,2.0,0.0,1.0,0.0,25.0,4.25,14.0,7.0,5.199999809265137,12.5,17.5,5.0,0.1882352977991104,0.9499998092651367,1.0
364.0,2.0,0.0,1.0,3.5,20.0,4.25,1.0,30.0,5.050000190734863,13.5,16.0,2.5,0.1882352977991104,0.8000001907348633,1.0
366.0,3.0,0.0,1.0,2.0,17.0,4.5,1.0,19.0,5.050000190734863,10.5,10.5,0.0,0.12222222238779068,0.5500001907348633,1.0
368.0,4.0,0.0,1.0,0.0,20.0,4.25,0.0,25.0,5.050000190734863,10.0,12.5,2.5,0.1882352977991104,0.8000001907348633,1.0
370.0,1.0,0.0,1.0,20.0,11.5,4.849999904632568,26.0,5.0,5.050000190734863,25.75,28.5,2.75,0.041237134486436844,0.20000028610229492,1.0
376.0,1.0,0.0,1.0,4.0,10.0,4.5,0.0,17.0,5.050000190734863,9.0,8.5,-0.5,0.12222222238779068,0.5500001907348633,1.0
377.0,1.0,0.0,1.0,12.0,6.0,4.25,11.0,12.0,5.050000190734863,15.0,17.0,2.0,0.1882352977991104,0.8000001907348633,1.0
379.0,1.0,0.0,1.0,20.0,12.0,4.619999885559082,28.0,6.0,5.050000190734863,26.0,31.0,5.0,0.09307362139225006,0.43000030517578125,1.0
380.0,1.0,0.0,1.0,10.0,15.0,4.5,15.0,14.0,5.050000190734863,17.5,22.0,4.5,0.12222222238779068,0.5500001907348633,1.0
383.0,1.0,0.0,1.0,6.0,4.0,4.5,7.0,2.0,5.050000190734863,8.0,8.0,0.0,0.12222222238779068,0.5500001907348633,1.0
385.0,1.0,0.0,1.0,16.0,14.0,4.25,15.0,14.0,5.050000190734863,23.0,22.0,-1.0,0.1882352977991104,0.8000001907348633,1.0
386.0,1.0,0.0,1.0,0.0,19.0,4.25,14.0,10.0,5.050000190734863,9.5,19.0,9.5,0.1882352977991104,0.8000001907348633,1.0
391.0,2.0,0.0,1.0,15.0,5.0,4.25,12.0,7.0,5.050000190734863,17.5,15.5,-2.0,0.1882352977991104,0.8000001907348633,1.0
393.0,2.0,1.0,1.0,4.0,10.0,4.619999885559082,18.0,4.0,5.25,9.0,20.0,11.0,0.09307362139225006,0.630000114440918,1.0
396.0,3.0,1.0,1.0,24.0,16.0,4.869999885559082,8.0,30.0,5.400000095367432,32.0,23.0,-9.0,0.036961011588573456,0.5300002098083496,1.0
397.0,3.0,1.0,1.0,4.0,28.0,4.25,6.0,15.0,5.050000190734863,18.0,13.5,-4.5,0.1882352977991104,0.8000001907348633,1.0
398.0,3.0,1.0,1.0,14.0,13.0,4.75,25.0,15.0,5.050000190734863,20.5,32.5,12.0,0.06315789371728897,0.3000001907348633,1.0
399.0,3.0,1.0,1.0,13.0,8.0,4.869999885559082,18.0,18.0,5.050000190734863,17.0,27.0,10.0,0.036961011588573456,0.18000030517578125,1.0
400.0,3.0,1.0,1.0,16.0,15.0,4.5,8.0,24.0,5.050000190734863,23.5,20.0,-3.5,0.12222222238779068,0.5500001907348633,1.0
401.0,3.0,0.0,1.0,8.0,6.0,4.25,5.0,27.0,5.050000190734863,11.0,18.5,7.5,0.1882352977991104,0.8000001907348633,1.0
402.0,3.0,1.0,1.0,11.0,10.0,4.75,17.0,5.0,5.050000190734863,16.0,19.5,3.5,0.06315789371728897,0.3000001907348633,1.0
405.0,3.0,1.0,1.0,6.0,17.0,4.320000171661377,1.5,15.0,5.050000190734863,14.5,9.0,-5.5,0.1689814329147339,0.7300000190734863,1.0
410.0,1.0,0.0,1.0,0.0,35.0,4.25,0.0,35.0,5.050000190734863,17.5,17.5,0.0,0.1882352977991104,0.8000001907348633,1.0
411.0,1.0,0.0,1.0,0.0,36.0,4.5,4.0,36.0,5.050000190734863,18.0,22.0,4.0,0.12222222238779068,0.5500001907348633,1.0
412.0,2.0,0.0,1.0,0.0,17.0,4.5,0.0,13.0,5.050000190734863,8.5,6.5,-2.0,0.12222222238779068,0.5500001907348633,1.0
413.0,1.0,0.0,1.0,0.0,36.0,4.25,0.0,20.0,5.050000190734863,18.0,10.0,-8.0,0.1882352977991104,0.8000001907348633,1.0
414.0,1.0,0.0,1.0,0.0,36.0,4.25,13.0,9.0,5.050000190734863,18.0,17.5,-0.5,0.1882352977991104,0.8000001907348633,1.0
415.0,1.0,0.0,1.0,8.0,32.0,4.25,0.0,38.0,5.050000190734863,24.0,19.0,-5.0,0.1882352977991104,0.8000001907348633,1.0
417.0,1.0,1.0,1.0,4.0,28.0,4.25,13.0,17.0,5.050000190734863,18.0,21.5,3.5,0.1882352977991104,0.8000001907348633,1.0
418.0,1.0,0.0,1.0,30.0,15.0,4.25,0.0,35.0,5.050000190734863,37.5,17.5,-20.0,0.1882352977991104,0.8000001907348633,1.0
419.0,2.0,1.0,1.0,3.0,10.0,4.25,5.0,5.0,5.050000190734863,8.0,7.5,-0.5,0.1882352977991104,0.8000001907348633,1.0
421.0,2.0,1.0,1.0,20.0,10.0,4.619999885559082,25.0,7.0,5.050000190734863,25.0,28.5,3.5,0.09307362139225006,0.43000030517578125,1.0
422.0,2.0,0.0,1.0,0.0,7.0,4.75,5.0,10.0,5.050000190734863,3.5,10.0,6.5,0.06315789371728897,0.3000001907348633,1.0
423.0,2.0,1.0,1.0,2.0,10.0,4.949999809265137,19.0,3.5,5.25,7.0,20.75,13.75,0.02020205929875374,0.3000001907348633,1.0
424.0,2.0,1.0,1.0,3.5,6.5,4.75,12.0,3.0,5.25,6.75,13.5,6.75,0.06315789371728897,0.5,1.0
426.0,3.0,1.0,1.0,3.0,33.0,4.25,5.0,25.0,5.050000190734863,19.5,17.5,-2.0,0.1882352977991104,0.8000001907348633,1.0
427.0,4.0,0.0,1.0,7.0,8.0,4.75,0.0,35.0,5.050000190734863,11.0,17.5,6.5,0.06315789371728897,0.3000001907348633,1.0
428.0,4.0,0.0,1.0,0.0,33.0,4.619999885559082,10.0,24.0,5.139999866485596,16.5,22.0,5.5,0.09307362139225006,0.5199999809265137,1.0
